{
    "timestamp": "2026-01-30",
    "a": 0.7760005327494873,
    "b": 0.013855132226941833,
    "sigma": 0.012330535122890517,
    "eta": 0.007567987736288013,
    "rho": -0.8524940660188569,
    "rmse": 2.5106375084076915
}